
在数据库服务器上新建三个数据库，分别是db1、db2和db3。

```
mysql> create database db1 charset utf8;
Query OK, 1 row affected (0.01 sec)

mysql> create database db2 charset utf8;
Query OK, 1 row affected (0.01 sec)

mysql> create database db3 charset utf8;
Query OK, 1 row affected (0.00 sec)
```

分别在三个数据库中新建表t_user。

```sql
create table t_user(id int primary key, name varchar(100), _slot int);
```

其中最后一个字段`_slot`是为了待会分表时使用crc32slot添加的。

然后去修改schema.xml去配置我们的逻辑库和逻辑表。下面的schema指定了一个逻辑库的名字是TESTDB，下面定义了一张逻辑表t_user，该表的名称需要与物理表的名称一致，它的分表策略是crc32slot。对应的dataNode为dn1、dn2和dn3。dn1、dn2和dn3分别对应物理库db1、db2和db3，这个三个物理库都在host1上。

```xml
<?xml version="1.0"?>
<!DOCTYPE mycat:schema SYSTEM "schema.dtd">
<mycat:schema xmlns:mycat="http://io.mycat/">

	<schema name="TESTDB" checkSQLschema="true" sqlMaxLimit="100" randomDataNode="dn1">
		<table name="t_user" primaryKey="id" dataNode="dn1,dn2,dn3" rule="crc32slot"/>
	</schema>

	<dataNode name="dn1" dataHost="host1" database="db1" />
	<dataNode name="dn2" dataHost="host1" database="db2" />
	<dataNode name="dn3" dataHost="host1" database="db3" />

	<dataHost name="host1" maxCon="1000" minCon="10" balance="0"
			  writeType="0" dbType="mysql" dbDriver="jdbc" switchType="1"  slaveThreshold="100">
		<heartbeat>select user()</heartbeat>
		<!-- can have multi write hosts -->
		<writeHost host="hostM1" url="jdbc:mysql://172.17.0.3:3306" user="root" password="123456">
		</writeHost>

	</dataHost>

</mycat:schema>

```

因为我们有三个数据库，所以在使用策略crc32slot时，还需要去把rule.xml中crc32slot策略的分片数据库节点数量指定为3。

```xml
<function name="crc32slot"
                  class="io.mycat.route.function.PartitionByCRC32PreSlot">
        <property name="count">3</property><!-- 要分片的数据库节点数量，必须指定，否则没法分片 -->
</function>

```

这些配置都做好后我们就可以启动/重启Mycat了。

```
bin/mycat start/restart
```

然后打开一个mysql客户端连上mycat服务器。

```
mysql -uroot -p123456 -h172.17.0.4 -P8066
```

连上了以后就切换到逻辑库TESTDB。然后往t_user表插入数据。

```
insert into t_user(id, name) values(1, 'zhangyi');
insert into t_user(id, name) values(2, 'zhanger');
insert into t_user(id, name) values(3, 'zhangsan');
insert into t_user(id, name) values(4, 'zhangsi');
insert into t_user(id, name) values(5, 'zhangwu');
insert into t_user(id, name) values(6, 'zhangliu');
insert into t_user(id, name) values(7, 'zhangqi');
insert into t_user(id, name) values(8, 'zhangba');
insert into t_user(id, name) values(9, 'zhangjiu');
insert into t_user(id, name) values(10, 'zhangshi');
```

插入数据后，我们查询t_user表。

```
mysql> select * from t_user;
+------+----------+-------+
| id   | name     | _slot |
+------+----------+-------+
|    3 | zhangsan | 32411 |
|    5 | zhangwu  | 27566 |
|    8 | zhangba  | 22291 |
|    9 | zhangjiu | 18309 |
|    1 | zhangyi  | 44983 |
|    2 | zhanger  | 65037 |
|    6 | zhangliu | 43540 |
|    7 | zhangqi  | 47746 |
|    4 | zhangsi  | 68408 |
|   10 | zhangshi | 87521 |
+------+----------+-------+
10 rows in set (0.01 sec)

```

可以看到10条数据都查出来了，但是id不是有序的，这是因为它们落到了不同的db。

我们到db1、db2和db3查询t_user表的数据，可以看到三张表都落了数据。

```
mysql> select * from db1.t_user;
+----+----------+-------+
| id | name     | _slot |
+----+----------+-------+
|  3 | zhangsan | 32411 |
|  5 | zhangwu  | 27566 |
|  8 | zhangba  | 22291 |
|  9 | zhangjiu | 18309 |
+----+----------+-------+
4 rows in set (0.00 sec)

mysql> select * from db2.t_user;
+----+----------+-------+
| id | name     | _slot |
+----+----------+-------+
|  1 | zhangyi  | 44983 |
|  2 | zhanger  | 65037 |
|  6 | zhangliu | 43540 |
|  7 | zhangqi  | 47746 |
+----+----------+-------+
4 rows in set (0.00 sec)

mysql> select * from db3.t_user;
+----+----------+-------+
| id | name     | _slot |
+----+----------+-------+
|  4 | zhangsi  | 68408 |
| 10 | zhangshi | 87521 |
+----+----------+-------+
2 rows in set (0.00 sec)

mysql>
```
